id,title,so_ky_hieu,ngay_ban_hanh,loai_van_ban,ngay_co_hieu_luc,ngay_het_hieu_luc,nguon_thu_thap,ngay_dang_cong_bao,nganh,linh_vuc,co_quan_ban_hanh,chuc_danh,nguoi_ky,pham_vi,thong_tin_ap_dung,tinh_trang_hieu_luc,agent_category,status_checked_at,status_filter
172978,"Nghị quyết số 111/2024/NQ-HĐND Bãi bỏ Nghị quyết số 78/2024/NQ-HĐND ngày 10 tháng 7 năm 2024 của Hội đồng nhân dân tỉnh Gia Lai quy định giá dịch vụ khám bệnh, chữa bệnh không thuộc phạm vi thanh toán của Quỹ Bảo hiểm y tế nhưng không phải là dịch vụ khám bệnh, chữa bệnh theo yêu cầu trong các cơ sở khám bệnh, chữa bệnh của Nhà nước thuộc tỉnh Gia Lai quản lý",111/2024/NQ-HĐND,11/12/2024,Nghị quyết,21/12/2024,,Văn phòng Đoàn đại biểu Quốc hội và Hội đồng nhân dân tỉnh,,,Chưa phân loại,HĐND Tỉnh Gia Lai,Chủ tịch,Hồ Văn Niên,Địa phương,,Còn hiệu lực,"bhyt,vien_phi",2026-08-04,Còn hiệu lực và không là target của quan hệ Bãi bỏ/Thay thế
177421,"Nghị quyết số 05/2025/NQ-HĐND Bãi bỏ Nghị quyết số 54/2019/NQ-HĐND ngày 13/12/2019 của Hội đồng nhân dân tỉnh Bình Định quy định mức giá dịch vụ khám bệnh, chữa bệnh không thuộc phạm vi thanh toán của Quỹ bảo hiểm y tế trong các cơ sở khám bệnh, chữa bệnh của Nhà nước thuộc tỉnh Bình Định",05/2025/NQ-HĐND,28/04/2025,Nghị quyết,08/05/2025,,Văn phòng HĐND tỉnh,,,Chưa phân loại,HĐND tỉnh Bình Định,Chủ tịch,Hồ Quốc Dũng,Địa phương,,Còn hiệu lực,"bhyt,vien_phi",2026-08-04,Còn hiệu lực và không là target của quan hệ Bãi bỏ/Thay thế
173176,"Nghị quyết số 68/2024/NQ-HĐND Quy định giá dịch vụ khám bệnh, chữa bệnh thuộc danh mục thanh toán của Quỹ bảo hiểm y tế, giá dịch vụ khám bệnh, chữa bệnh do ngân sách nhà nước thanh toán và giá dịch vụ khám bệnh, chữa bệnh không thuộc danh mục thanh toán của Quỹ bảo hiểm y tế mà không phải là dịch vụ khám bệnh, chữa bệnh theo yêu cầu tại các cơ sở khám bệnh, chữa bệnh công lập thuộc thành phố Đà Nẵng",68/2024/NQ-HĐND,13/12/2024,Nghị quyết,01/01/2025,,,,"Y tế, Tài chính",Chưa phân loại,HĐND thành phố Đà Nẵng,Chủ tịch,Ngô Xuân Thắng,Địa phương,,Còn hiệu lực,"bhyt,vien_phi",2026-08-04,Còn hiệu lực và không là target của quan hệ Bãi bỏ/Thay thế
185924,"Nghị quyết số 50/2025/NQ-HĐND Sửa đổi, bổ sung một số điều của Nghị quyết số 28/2024/NQ-HĐND ngày 31 tháng 12 năm 2024 của Hội đồng nhân dân tỉnh quy định giá dịch vụ khám bệnh, chữa bệnh do quỹ bảo hiểm y tế thanh toán; giá dịch vụ khám bệnh, chữa bệnh do ngân sách nhà nước thanh toán; giá dịch vụ khám bệnh, chữa bệnh không thuộc danh mục do quỹ bảo hiểm y tế thanh toán mà không phải là dịch vụ khám bệnh, chữa bệnh theo yêu cầu đối với các cơ sở khám bệnh, chữa bệnh của Nhà nước thuộc tỉnh Lạng Sơn quản lý",50/2025/NQ-HĐND,30/12/2025,Nghị quyết,01/01/2026,,,,Lao động - Thương binh và Xã hội,"Lao động, tiền lương, tiền công",HĐND Tỉnh Lạng Sơn,Chủ tịch,Đoàn Thị Hậu,Địa phương,,Còn hiệu lực,"bhyt,vien_phi",2026-08-04,Còn hiệu lực và không là target của quan hệ Bãi bỏ/Thay thế
184589,"Nghị quyết số 68/2025/NQ-HĐND Quy định mức hỗ trợ đóng bảo hiểm y tế cho các đối tượng cao hơn mức hỗ trợ tối thiểu; đối tượng được hỗ trợ và mức hỗ trợ cùng chi trả chi phí khám bệnh, chữa bệnh bảo hiểm y tế cho người tham gia bảo hiểm y tế khi đi khám bệnh, chữa bệnh trên địa bàn tỉnh Lâm Đồng",68/2025/NQ-HĐND,10/12/2025,Nghị quyết,01/01/2026,,Văn bản gốc,,An ninh quốc gia,Bảo vệ bí mật nhà nước,HĐND Tỉnh Lâm Đồng,Chủ tịch,Lưu Văn Trung,Địa phương,,Còn hiệu lực,"bhyt,vien_phi",2026-08-04,Còn hiệu lực và không là target của quan hệ Bãi bỏ/Thay thế
172810,"Nghị quyết số 26/2024/NQ-HĐND bãi bỏ Nghị quyết số 02/2024/NQ-HĐND ngày 26/02/2024 của HĐND tỉnh Quy định giá dịch vụ khám bệnh, chữa bệnh không thuộc phạm vi thanh toán của Quỹ Bảo hiểm y tế trong các cơ sở khám bệnh, chữa bệnh của Nhà nước trên địa bàn tỉnh Trà Vinh",26/2024/NQ-HĐND,09/12/2024,Nghị quyết,01/01/2025,,,,Lao động - Thương binh và Xã hội,Chưa phân loại,HĐND tỉnh Trà Vinh,Chủ tịch,Kim Ngọc Thái,Địa phương,,Còn hiệu lực,"bhyt,vien_phi",2026-08-04,Còn hiệu lực và không là target của quan hệ Bãi bỏ/Thay thế
179585,"Thông tư số 22/2021/TT-BYT của Bộ Y tế về quy định ngưng hiệu lực Thông tư 04/2021/TT-BYT ngày 29/4/2021 của Bộ trưởng Bộ Y tế hướng dẫn thanh toán chi phí khám bệnh, chữa bệnh bảo hiểm y tế theo định suất",22/2021/TT-BYT,01/12/2021,Thông tư,01/12/2021,,,,Y tế,Kế hoạch tài chính,Bộ Y tế,Thứ trưởng,Trần Văn Thuấn,Trung ương,,Còn hiệu lực,"bhyt,vien_phi",2026-08-04,Còn hiệu lực và không là target của quan hệ Bãi bỏ/Thay thế
142685,"Quyết định số 25/2020/QĐ-UBND Về việc bãi bỏ Quyết định số 51/2017/QĐ-UBND ngày 21 tháng 12 năm 2017 của Ủy ban nhân dân tỉnh Tây Ninh về việc quy định giá dịch vụ khám bệnh, chữa bệnh không thuộc phạm vi thanh toán của Qũy bảo hiểm y tế trong các cơ sở khám bệnh, chữa bệnh của Nhà nước trên địa bàn tỉnh Tây Ninh",25/2020/QĐ-UBND,22/06/2020,Quyết định,02/07/2020,,Bản chính Quyết định số 25/2020/QĐ-UBND,,Y tế,Môi trường y tế,UBND Tỉnh Tây Ninh,Phó Chủ tịch,Trần Văn Chiến,Địa phương,,Còn hiệu lực,"bhyt,vien_phi",2026-08-04,Còn hiệu lực và không là target của quan hệ Bãi bỏ/Thay thế
126175,"Quyết định số 23/2017/QĐ-UBND Triển khai thực hiện Nghị quyết số 08/2017/NQ-HĐND Ngày 14 tháng 7 năm 2017 của Hội đồng nhân dân tỉnh Bạc Liêu về việc quy định mức giá dịch vụ khám bệnh, chữa bệnh không thuộc phạm vi thanh toán của Quỹ bảo hiểm y tế trong các cơ sở khám bệnh, chữa bệnh của Nhà nước trên địa bàn tỉnh Bạc Liêu",23/2017/QĐ-UBND,17/11/2017,Quyết định,04/12/2017,,Văn bản gốc,,,Chưa phân loại,UBND tỉnh Bạc Liêu,Chủ tịch,Dương Thành Trung,Địa phương,,Còn hiệu lực,"bhyt,vien_phi",2026-08-04,Còn hiệu lực và không là target của quan hệ Bãi bỏ/Thay thế
148465,"Thông tư số 04/2021/TT-BYT hướng dẫn thanh toán chi phí khám bệnh, chữa bệnh bảo hiểm y tế theo định suất",04/2021/TT-BYT,29/04/2021,Thông tư,01/07/2021,,,,Y tế,Bảo hiểm y tế,Bộ Y tế,Thứ trưởng,Trần Văn Thuấn,Trung ương,,Còn hiệu lực,"bhyt,vien_phi",2026-08-04,Còn hiệu lực và không là target của quan hệ Bãi bỏ/Thay thế
119060,Quyết định số 2340/2007/QĐ-UBND Về việc Ban hành mức giá thu một phần viện phí và các dịch vụ y tế áp dụng tại các cơ sở khám chữa bệnh trong hệ thống y tế nhà nước thuộc tỉnh Thái Nguyên quản lý,2340/2007/QĐ-UBND,25/10/2007,Quyết định,04/11/2007,,Công báo,15/11/2007,Tài chính,"Quản lý thuế, phí, lệ phí và thu khác của ngân sách nhà nước",UBND Tỉnh Thái Nguyên,Phó Chủ tịch,Trịnh Thị Cúc,Địa phương,,Còn hiệu lực,vien_phi,2026-08-04,Còn hiệu lực và không là target của quan hệ Bãi bỏ/Thay thế
173343,"Nghị quyết số 30/2024/NQ-HĐND Bãi bỏ Nghị quyết số 16/2019/NQ-HĐND ngày 04 tháng 10 năm 2019 của Hội đồng nhân dân tỉnh Hậu Giang quy định mức giá dịch vụ khám bệnh, chữa bệnh không thuộc phạm vi thanh toán của quỹ bảo hiểm y tế trong các cơ sở khám bệnh, chữa bệnh của Nhà nước trên địa bàn tỉnh Hậu Giang",30/2024/NQ-HĐND,10/12/2024,Nghị quyết,01/01/2025,,Bản gốc văn bản,,Y tế,Chưa phân loại,HĐND tỉnh Hậu Giang,Chủ tịch,Trần Văn Huyến,Địa phương,,Còn hiệu lực,"bhyt,vien_phi",2026-08-04,Còn hiệu lực và không là target của quan hệ Bãi bỏ/Thay thế
149470,"Thông tư số 48/2017/TT-BYT Quy định trích chuyển dữ liệu điện tử trong quản lý và thanh toán chi phí khám bệnh, chữa bệnh bảo hiểm y tế",48/2017/TT-BYT,28/12/2017,Thông tư,01/03/2018,,,,Y tế,Bảo hiểm y tế,Bộ Y tế,Thứ trưởng,Phạm Lê Tuấn,Trung ương,,Còn hiệu lực,"bhyt,vien_phi",2026-08-04,Còn hiệu lực và không là target của quan hệ Bãi bỏ/Thay thế
108357,Thông tư liên tịch số 05/1999/TTLT/BLÐTBXH-BYT-BTC Thông tư hướng dẫn việc thực hiện khám chữa bệnh được miễn nộp một phần viện phí đối với người thuộc diện quá nghèo quy định tại Nghị định 95/CP ngày 27/8/1994 của Chính phủ,05/1999/TTLT/BLÐTBXH-BYT-BTC,28/01/1999,Thông tư liên tịch,31/01/1999,,,,,Chưa phân loại,"Bộ Lao động - Thương binh và Xã hội, Bộ Tài chính, Bộ Y tế",,"Lê Ngọc Trọng, Nguyễn Thị Kim Ngân, Nguyễn Ðình Liêu",Trung ương,,Còn hiệu lực,vien_phi,2026-08-04,Còn hiệu lực và không là target của quan hệ Bãi bỏ/Thay thế
65855,Quyết định số 2758/QĐ-UBND V/v bổ sung danh mục và mức giá thu một phần viện phí Đo mật độ xương tại các cơ sở khám chữa bênh trên đia bàn tỉnh,2758/QĐ-UBND,02/10/2008,Quyết định,02/10/2008,,,,Y tế,Chưa phân loại,UBND Tỉnh Hà Tĩnh,Phó Chủ tịch,Trần Minh Kỳ,Địa phương,,Còn hiệu lực,vien_phi,2026-08-04,Còn hiệu lực và không là target của quan hệ Bãi bỏ/Thay thế
172424,"Nghị quyết số 49/2024/NQ-HĐND Bãi bỏ Nghị quyết số 32/2024/NQ-HĐND ngày 19/4/2024 của HĐND tỉnh quy định mức giá dịch vụ khám bệnh, chữa bệnh không thuộc phạm vi thanh toán của Quỹ Bảo hiểm y tế (nhưng không phải là dịch vụ khám bệnh, chữa bệnh của Nhà nước thuộc tỉnh Quảng Ninh quản lý)",49/2024/NQ-HĐND,06/12/2024,Nghị quyết,16/12/2024,,,,,Chưa phân loại,HĐND Tỉnh Quảng Ninh,Phó Chủ tịch,Vi Ngọc Bích,Địa phương,,Còn hiệu lực,"bhyt,vien_phi",2026-08-04,Còn hiệu lực và không là target của quan hệ Bãi bỏ/Thay thế
172835,"Nghị quyết số 25/2024/NQ-HĐND Bãi bỏ Nghị quyết số 03/2024/NQ-HĐND ngày 28/3/2024 của Hội đồng nhân dân tỉnh Bắc Kạn quy định giá dịch vụ khám bệnh, chữa bệnh không thuộc phạm vi thanh toán của Quỹ Bảo hiểm y tế trong các cơ sở khám bệnh, chữa bệnh của nhà nước thuộc tỉnh Bắc Kạn quản lý và mức giá dịch vụ khám bệnh, chữa bệnh trong một số trường hợp",25/2024/NQ-HĐND,10/12/2024,Nghị quyết,10/12/2024,,,,,Chưa phân loại,HĐND tỉnh Bắc Kạn,Chủ tịch,Phương Thị Thanh,Địa phương,,Còn hiệu lực,"bhyt,vien_phi",2026-08-04,Còn hiệu lực và không là target của quan hệ Bãi bỏ/Thay thế
173130,"Nghị quyết số 30/2024/NQ-HĐND Bãi bỏ Nghị quyết số 15/2019/NQ-HĐND ngày 06 tháng 12 năm 2019 của Hội đồng nhân dân tỉnh Sóc Trăng quy định giá dịch vụ khám bệnh, chữa bệnh không thuộc phạm vi thanh toán của Quỹ bảo hiểm y tế trong các cơ sở khám bệnh, chữa bệnh của Nhà nước trên địa bàn tỉnh Sóc Trăng",30/2024/NQ-HĐND,19/12/2024,Nghị quyết,01/01/2025,,,,,Chưa phân loại,HĐND tỉnh Sóc Trăng,Chủ tịch,Hồ Thị Cẩm Đào,Địa phương,,Còn hiệu lực,"bhyt,vien_phi",2026-08-04,Còn hiệu lực và không là target của quan hệ Bãi bỏ/Thay thế
172678,"Nghị quyết số 23/2024/NQ-HĐND Bãi bỏ toàn bộ Nghị quyết số 16/2022/NQ-HĐND ngày 09/12/2022 của Hội đồng nhân dân thành phố quy định mức giá dịch vụ khám bệnh, chữa bệnh không thuộc phạm vi thanh toán của Quỹ bảo hiểm y tế trong các cơ sở khám bệnh, chữa bệnh của Nhà nước thuộc thành phố Hải Phòng",23/2024/NQ-HĐND,06/12/2024,Nghị quyết,01/01/2025,,,,,Chưa phân loại,HĐND Thành phố Hải Phòng,Chủ tịch,Phạm Văn Lập,Địa phương,,Còn hiệu lực,"bhyt,vien_phi",2026-08-04,Còn hiệu lực và không là target của quan hệ Bãi bỏ/Thay thế
173283,"Nghị quyết số 30/2024/NQ-HĐND Bãi bỏ Nghị quyết số 39/2023/NQ-HĐND ngày 08 tháng 12 năm 2023 của Hội đồng nhân dân Thành phố quy định giá dịch vụ khám bệnh, chữa bệnh không thuộc phạm vi thanh toán của Quỹ Bảo hiểm y tế trong các cơ sở khám bệnh, chữa bệnh của Nhà nước thuộc Thành phố Hồ Chí Minh quản lý và mức giá dịch vụ khám bệnh, chữa bệnh trong một số trường hợp",30/2024/NQ-HĐND,11/12/2024,Nghị quyết,01/01/2025,,Sao y bản chính,,Y tế,Chưa phân loại,HĐND Thành phố Hồ Chí Minh,Chủ tịch,Nguyễn Thị Lệ,Địa phương,,Còn hiệu lực,"bhyt,vien_phi",2026-08-04,Còn hiệu lực và không là target của quan hệ Bãi bỏ/Thay thế
173906,"Nghị quyết số 24/2024/NQ-HĐND Bãi bỏ Nghị quyết số 280/2019/NQ-HĐND ngày 08/10/2019 của Hội đồng nhân dân Tỉnh về việc ban hành bảng giá dịch vụ khám bệnh, chữa bệnh không thuộc phạm vi thanh toán của quỹ bảo hiểm y tế trong các cơ sở khám bệnh, chữa bệnh của nhà nước trên địa bàn tỉnh Đồng Tháp",24/2024/NQ-HĐND,28/12/2024,Nghị quyết,01/01/2025,,,,Y tế,"Quản lý Khám, chữa bệnh",HĐND Tỉnh Đồng Tháp,Chủ tịch,Phan Văn Thắng,Địa phương,,Còn hiệu lực,"bhyt,vien_phi",2026-08-04,Còn hiệu lực và không là target của quan hệ Bãi bỏ/Thay thế
174421,"Nghị quyết số 30/2024/NQ-HĐND Bãi bỏ Nghị quyết số 09/2019/NQ-HĐND ngày 06 tháng 12 năm 2019 của Hội đồng nhân dân tỉnh “về việc quy định mức giá dịch vụ khám bệnh, chữa bệnh không thuộc phạm vi thanh toán của Quỹ bảo hiểm y tế trong các cơ sở khám bệnh, chữa bệnh của Nhà nước trên địa bàn tỉnh Bạc Liêu”",30/2024/NQ-HĐND,30/12/2024,Nghị quyết,01/01/2025,,Từ văn bản gốc,,Y tế,Chưa phân loại,HĐND tỉnh Bạc Liêu,Chủ tịch,Lữ Văn Hùng,Địa phương,,Còn hiệu lực,"bhyt,vien_phi",2026-08-04,Còn hiệu lực và không là target của quan hệ Bãi bỏ/Thay thế
142680,"Quyết định số 12/2020/QĐ-UBND Bãi bỏ Quyết định số 51/2017/QĐ-UBND ngày 21/8/2017 của UBND tỉnh Quảng Ngãi Quy định mức giá dịch vụ khám bệnh, chữa bệnh không thuộc phạm vi thanh toán của Quỹ bảo hiểm y tế trong các cơ sở khám bệnh, chữa bệnh của Nhà nước thuộc tỉnh Quảng Ngãi quản lý",12/2020/QĐ-UBND,19/06/2020,Quyết định,01/07/2020,,VĂN BẢN GỐC,,,Chưa phân loại,UBND Tỉnh Quảng Ngãi,Chủ tịch,Trần Ngọc Căng,Địa phương,,Còn hiệu lực,"bhyt,vien_phi",2026-08-04,Còn hiệu lực và không là target của quan hệ Bãi bỏ/Thay thế
49919,"Quyết định số 72/2012/QĐ-UBND Về việc quy định đơn giá dịch vụ khám bệnh, chữa bệnh tại các cơ sở khám bệnh, chữa bệnh của nhà nước trên địa bàn tỉnh Nghệ An",72/2012/QĐ-UBND,03/10/2012,Quyết định,13/10/2012,,"Công báo số 41 + 42, năm 2012",08/10/2012,Y tế,Khám chữa bệnh,UBND Tỉnh Nghệ An,Chủ tịch,Hồ Đức Phớc,Địa phương,,Còn hiệu lực,vien_phi,2026-08-04,Còn hiệu lực và không là target của quan hệ Bãi bỏ/Thay thế
173621,"Nghị quyết số 40/2024/NQ-HĐND Bãi bỏ Nghị quyết số 01/2024/NQ-HĐND ngày 19 tháng 01 năm 2024 của Hội đồng nhân dân tỉnh Đồng Nai quy định giá dịch vụ khám bệnh, chữa bệnh không thuộc phạm vi thanh toán của Quỹ bảo hiểm y tế trong các cơ sở khám bệnh, chữa bệnh của Nhà nước trên địa bàn tỉnh Đồng Nai",40/2024/NQ-HĐND,20/12/2024,Nghị quyết,01/01/2025,,,,Y tế,Bảo hiểm y tế,HĐND Tỉnh Đồng Nai,Chủ tịch,Thái Bảo,Địa phương,,Còn hiệu lực,"bhyt,vien_phi",2026-08-04,Còn hiệu lực và không là target của quan hệ Bãi bỏ/Thay thế
175354,"Nghị quyết số 10/2025/NQ-HĐND Bãi bỏ Nghị quyết số 32/2024/NQ-HĐND ngày 10 tháng 05 năm 2024 của Hội đồng nhân dân tỉnh Quy định giá dịch vụ khám bệnh, chữa bệnh không thuộc phạm vi thanh toán của Quỹ Bảo hiểm y tế mà không phải là dịch vụ khám bệnh, chữa bệnh theo yêu cầu trong các cơ sở khám bệnh, chữa bệnh của Nhà nước trên địa bàn tỉnh Quảng Trị",10/2025/NQ-HĐND,20/02/2025,Nghị quyết,03/03/2025,,Cổng Thông tin điện tử tỉnh Quảng Trị,,,Chưa phân loại,HĐND Tỉnh Quảng Trị,Chủ tịch,Nguyễn Đăng Quang,Địa phương,,Còn hiệu lực,"bhyt,vien_phi",2026-08-04,Còn hiệu lực và không là target của quan hệ Bãi bỏ/Thay thế
186215,"Nghị quyết số 36/2025/NQ-HĐND Bãi bỏ Nghị quyết số 29/2024/NQ-HĐND ngày 30 tháng 12 năm 2024 của Hội đồng nhân dân tỉnh Bạc Liêu quy định giá dịch vụ khám bệnh, chữa bệnh do quỹ bảo hiểm y tế thanh toán; giá dịch vụ khám bệnh, chữa bệnh do Ngân sách nhà nước thanh toán; giá dịch vụ khám bệnh, chữa bệnh không thuộc danh mục do quỹ bảo hiểm y tế thanh toán mà không phải là dịch vụ khám bệnh, chữa bệnh theo yêu cầu đối với các cơ sở khám bệnh, chữa bệnh của Nhà nước trên địa bàn tỉnh Bạc Liêu",36/2025/NQ-HĐND,30/12/2025,Nghị quyết,01/02/2026,,PDF,,Lao động - Thương binh và Xã hội,"Lao động, tiền lương, tiền công",HĐND Tỉnh Cà Mau,Chủ tịch,Phạm Văn Thiều,Địa phương,,Còn hiệu lực,"bhyt,vien_phi",2026-08-04,Còn hiệu lực và không là target của quan hệ Bãi bỏ/Thay thế
172675,"Nghị quyết số 21/2024/NQ-HĐND Bãi bỏ Nghị quyết số 124/2019/NQ-HĐND ngày 13 tháng 12 năm 2019 của Hội đồng nhân dân tỉnh Quy định mức giá dịch vụ khám bệnh, chữa bệnh tại các cơ sở khám bệnh, chữa bệnh của Nhà nước trên địa bàn tỉnh Bà Rịa - Vũng Tàu không thuộc phạm vi thanh toán của Quỹ bảo hiểm y tế và nguyên tắc áp dụng giá khám bệnh, chữa bệnh trong một số trường hợp",21/2024/NQ-HĐND,06/12/2024,Nghị quyết,16/12/2024,,bản chính,,Y tế,Khám chữa bệnh,HĐND tỉnh Bà Rịa - Vũng Tàu,Chủ tịch,Phạm Viết Thanh,Địa phương,,Còn hiệu lực,"bhyt,vien_phi",2026-08-04,Còn hiệu lực và không là target của quan hệ Bãi bỏ/Thay thế
172863,"Nghị quyết số 140/2024/NQ-HĐND Quy định giá dịch vụ khám bệnh, chữa bệnh thuộc danh mục do Quỹ bảo hiểm y tế thanh toán; giá dịch vụ khám bệnh, chữa bệnh do ngân sách nhà nước thanh toán; giá dịch vụ khám bệnh, chữa bệnh không thuộc danh mục do Quỹ bảo hiểm y tế thanh toán mà không phải là dịch vụ khám bệnh, chữa bệnh theo yêu cầu cho các cơ sở khám bệnh, chữa bệnh của Nhà nước thuộc phạm quản lý của tỉnh Nam Định",140/2024/NQ-HĐND,10/12/2024,Nghị quyết,10/12/2024,,,,,Chưa phân loại,HĐND tỉnh Nam Định,Chủ tịch,Lê Quốc Chỉnh,Địa phương,,Còn hiệu lực,"bhyt,vien_phi",2026-08-04,Còn hiệu lực và không là target của quan hệ Bãi bỏ/Thay thế
173398,"Nghị quyết số 09/2024/NQ-HĐND Bãi bỏ Nghị quyết số 19/2023/NQ-HĐND ngày 12 tháng 12 năm 2023 của Hội đồng nhân dân tỉnh quy định mức giá dịch vụ khám bệnh, chữa bệnh không thuộc phạm vi thanh toán của Quỹ bảo hiểm y tế mà không phải dịch vụ khám bệnh chữa bệnh theo yêu cầu tại các cơ sở khám bệnh, chữa bệnh của Nhà nước thuộc tỉnh Phú Thọ quản lý",09/2024/NQ-HĐND,11/12/2023,Nghị quyết,01/01/2025,,Hệ điều hành văn bản của tỉnh,,Y tế,Chưa phân loại,HĐND Tỉnh Phú Thọ,Chủ tịch,Bùi Minh Châu,Địa phương,,Còn hiệu lực,"bhyt,vien_phi",2026-08-04,Còn hiệu lực và không là target của quan hệ Bãi bỏ/Thay thế
173768,"Nghị quyết số 114/2024/NQ-HĐND Bãi bỏ Nghị quyết số 23/2024/NQ-HĐND ngày 06 tháng 5 năm 2024 của HĐND tỉnh Bắc Giang quy định mức giá dịch vụ khám bệnh, chữa bệnh không thuộc phạm vi thanh toán của Quỹ bảo hiểm y tế trong các cơ sở khám bệnh, chữa bệnh của Nhà nước trên địa bàn tỉnh Bắc Giang",114/2024/NQ-HĐND,11/12/2024,Nghị quyết,01/01/2025,,,,,Chưa phân loại,HĐND tỉnh Bắc Giang,Phó Chủ tịch,Lâm Thị Hương Thành,Địa phương,,Còn hiệu lực,"bhyt,vien_phi",2026-08-04,Còn hiệu lực và không là target của quan hệ Bãi bỏ/Thay thế
141544,"Nghị quyết số 18/2019/NQ-HĐND Quy định giá dịch vụ khám bệnh, chữa bệnh không thuộc phạm vi thanh toán của Quỹ bảo hiểm y tế tại các cơ sở khám bệnh, chữa bệnh của Nhà nước do địa phương quản lý",18/2019/NQ-HĐND,11/12/2019,Nghị quyết,21/12/2019,,,,Y tế,Khám chữa bệnh,HĐND Tỉnh An Giang,Chủ tịch,Võ Anh Kiệt,Địa phương,,Còn hiệu lực,"bhyt,vien_phi",2026-08-04,Còn hiệu lực và không là target của quan hệ Bãi bỏ/Thay thế
126742,"Quyết định số 25/2017/QĐ-UBND Quy định mức giá dịch vụ khám bệnh, chữa bệnh không thuộc phạm vi thanh toán của quỹ bảo hiểm y tế trong cơ sở khám bệnh, chữa bệnh Nhà nước thuộc địa phương quản lý trên địa bàn tỉnh Hà Nam",25/2017/QĐ-UBND,07/08/2017,Quyết định,01/10/2017,,,,,Chưa phân loại,UBND tỉnh Hà Nam,Chủ tịch,Nguyễn Xuân Đông,Địa phương,,Còn hiệu lực,"bhyt,vien_phi",2026-08-04,Còn hiệu lực và không là target của quan hệ Bãi bỏ/Thay thế
168478,"NGHỊ QUYẾT SỐ Số: 6/2019/NQ-HĐND QUY ĐỊNH VỀ GIÁ DỊCH VỤ KHÁM BỆNH, CHỮA BỆNH KHÔNG THUỘC PHẠM VI THANH TOÁN CỦA QUỸ BẢO HIỂM Y TẾ TRONG CÁC CƠ SỞ KHÁM BỆNH, CHỮA BỆNH CỦA NHÀ NƯỚC TRÊN ĐỊA BÀN TỈNH BÌNH PHƯỚC",Số: 6/2019/NQ-HĐND,16/12/2019,Nghị quyết,26/12/2019,,,,Y tế,Khám chữa bệnh,HĐND tỉnh Bình Phước,Phó Chủ tịch,Trần Ngọc Trai,Địa phương,,Còn hiệu lực,"bhyt,vien_phi",2026-08-04,Còn hiệu lực và không là target của quan hệ Bãi bỏ/Thay thế
75997,"Nghị quyết số 25/2013/NQ-HĐND Về bãi bỏ bảng giá thu một phần viện phí tại trạm Y tế xã áp dụng cho người bệnh ngoại trú, nội trú có thẻ bảo hiểm y tế ban hành kèm theo Nghị quyết số 13/2008/NQ-HĐND ngày 16/12/2008 của Hội đồng nhân dân tỉnh Kon Tum khóa IX, kỳ họp thứ 11",25/2013/NQ-HĐND,11/12/2013,Nghị quyết,21/12/2013,,,,Tài chính,Chưa phân loại,HĐND tỉnh Kon Tum,Chủ tịch,Hà Ban,Địa phương,,Còn hiệu lực,"bhyt,vien_phi",2026-08-04,Còn hiệu lực và không là target của quan hệ Bãi bỏ/Thay thế
27f12c90-58e8-11f1-a671-8bd8cc508176,"Thông tư 12/2026/TT-BTC Quy định trình tự, thủ tục giám định chi phí khám bệnh, chữa bệnh bảo hiểm y tế, biểu mẫu tổng hợp thanh toán, quyết toán và biện pháp thi hành Nghị định số 188/2025/NĐ-CP ngày 01 tháng 7 năm 2025 của Chính phủ quy định chi tiết và hướng dẫn thi hành một số điều của Luật Bảo hiểm y tế",12/2026/TT-BTC,10/02/2026,Thông tư,10/02/2026,,,,Tài chính,Bảo hiểm y tế,Bộ Tài chính,Thứ trưởng,Lê Tấn Cận,Trung ương,,Còn hiệu lực,"bhyt,vien_phi",2026-08-04,Còn hiệu lực và không là target của quan hệ Bãi bỏ/Thay thế
141428,"Nghị quyết số 08/2019/NQ-HĐND Quy định giá dịch vụ khám bệnh, chữa bệnh không thuộc phạm vi thanh toán của Quỹ bảo hiểm y tế tại các cơ sở khám bệnh, chữa bệnh của Nhà nước do địa phương quản lý",08/2019/NQ-HĐND,12/07/2019,Nghị quyết,01/12/2019,,,,Y tế,Khám chữa bệnh,HĐND Tỉnh An Giang,Chủ tịch,Võ Anh Kiệt,Địa phương,,Còn hiệu lực,"bhyt,vien_phi",2026-08-04,Còn hiệu lực và không là target của quan hệ Bãi bỏ/Thay thế
169332,"Nghị quyết số 06/2024/NQ-HĐND Về việc ban hành mức giá dịch vụ khám bệnh, chữa bệnh không thuộc phạm vi thanh toán của Quỹ bảo hiểm y tế mà không phải là dịch vụ khám bệnh, chữa bệnh theo yêu cầu tại các cơ sở khám bệnh, chữa bệnh của Nhà nước trên địa bàn tỉnh Khánh Hòa",06/2024/NQ-HĐND,12/07/2024,Nghị quyết,22/07/2024,,,,,Chưa phân loại,HĐND Tỉnh Khánh Hòa,Phó Chủ tịch,Trần Mạnh Dũng,Địa phương,,Còn hiệu lực,"bhyt,vien_phi",2026-08-04,Còn hiệu lực và không là target của quan hệ Bãi bỏ/Thay thế
157394,"Quyết định số 27/2020/QĐ-UBND Quy định giá dịch vụ khám bệnh, chữa bệnh không thuộc phạm vi thanh toán của Quỹ bảo hiểm y tế trong các cơ sở khám bệnh, chữa bệnh của Nhà nước trên địa bàn tỉnh Ninh Thuận",27/2020/QĐ-UBND,03/08/2020,Quyết định,13/08/2020,,,,,,UBND tỉnh Ninh Thuận,Phó Chủ tịch,Lê Văn Bình,Địa phương,,Còn hiệu lực,"bhyt,vien_phi",2026-08-04,Còn hiệu lực và không là target của quan hệ Bãi bỏ/Thay thế
174245,"Nghị quyết số 26/2024/NQ-HĐND Bãi bỏ Nghị quyết số 04/2024/NQ-HĐND ngày 19 tháng 4 năm 2024 của Hội đồng nhân dân tỉnh An Giang quy định mức giá dịch vụ khám bệnh, chữa bệnh không thuộc phạm vi thanh toán của Quỹ bảo hiểm y tế mà không phải là đối tượng khám bệnh, chữa bệnh theo yêu cầu tạ",26/2024/NQ-HĐND,27/12/2024,Nghị quyết,27/12/2024,,,,,Chưa phân loại,HĐND Tỉnh An Giang,Chủ tịch,Lê Văn Nưng,Địa phương,,Còn hiệu lực,"bhyt,vien_phi",2026-08-04,Còn hiệu lực và không là target của quan hệ Bãi bỏ/Thay thế
173084,"Nghị quyết số 17/2024/NQ-HĐND Bãi bỏ Nghị quyết số 08/2024/NQ-HĐND ngày 04 tháng 7 năm 2024 của Hội đồng nhân dân tỉnh Quy định mức giá dịch vụ khám bệnh, chữa bệnh không thuộc phạm vi thanh toán của Quỹ Bảo hiểm y tế mà không phải là dịch vụ khám bệnh, chữa bệnh theo yêu cầu trong các cơ sở khám bệnh, chữa bệnh của nhà nước thuộc tỉnh Tuyên Quang quản lý",17/2024/NQ-HĐND,05/12/2024,Nghị quyết,01/01/2025,,,,Bảo Hiểm,Bảo hiểm y tế,HĐND Tỉnh Tuyên Quang,Phó Chủ tịch,Phạm Thị Minh Xuân,Địa phương,,Còn hiệu lực,"bhyt,vien_phi",2026-08-04,Còn hiệu lực và không là target của quan hệ Bãi bỏ/Thay thế
173463,"Nghị quyết số 13/2024/NQ-HĐND Về việc Bãi bỏ các Nghị quyết của Hội đồng nhân dân tỉnh quy định giá dịch vụ khám bệnh, chữa bệnh không thuộc phạm vi thanh toán của Quỹ bảo hiểm y tế trong các cơ sở khám bệnh, chữa bệnh của Nhà nước trên địa bàn tỉnh Bắc Ninh",13/2024/NQ-HĐND,11/12/2024,Nghị quyết,01/01/2025,,,,,Chưa phân loại,HĐND Tỉnh Bắc Ninh,Chủ tịch,NGUYỄN HƯƠNG GIANG,Địa phương,,Còn hiệu lực,"bhyt,vien_phi",2026-08-04,Còn hiệu lực và không là target của quan hệ Bãi bỏ/Thay thế
173101,"Nghị quyết số 22/2024/NQ-HĐND Bãi bỏ Nghị quyết số 07/2020/NQ-HĐND ngày 11 tháng 6 năm 2020 của Hội đồng nhân dân tỉnh Quy định giá dịch vụ khám bệnh, chữa bệnh không thuộc phạm vi thanh toán của Quỹ bảo hiểm y tế trong các cơ sở khám bệnh, chữa bệnh công lập trên địa bàn tỉnh",22/2024/NQ-HĐND,06/12/2024,Nghị quyết,01/01/2025,,,,Y tế,Chưa phân loại,HĐND tỉnh Bình Thuận,Chủ tịch,Nguyễn Hoài Anh,Địa phương,,Còn hiệu lực,"bhyt,vien_phi",2026-08-04,Còn hiệu lực và không là target của quan hệ Bãi bỏ/Thay thế
141832,"Quyết định số 10/2020/QĐ-UBND Bãi bỏ Quyết định số 74/2017/QĐ-UBND ngày 01 tháng 9 năm 2017 của Ủy ban nhân dân tỉnh về việc quy định mức giá dịch vụ khám bệnh, chữa bệnh không thuộc phạm vi thanh toán của Quỹ bảo hiểm y tế tại các cơ sở y tế công lập thuộc tỉnh Thừa Thiên Huế",10/2020/QĐ-UBND,05/03/2020,Quyết định,15/03/2020,,Công báo số 25 năm 2020,15/03/2020,Y tế,Chưa phân loại,UBND tỉnh Thừa Thiên Huế,Phó Chủ tịch,Nguyễn Văn Phương,Địa phương,,Còn hiệu lực,"bhyt,vien_phi",2026-08-04,Còn hiệu lực và không là target của quan hệ Bãi bỏ/Thay thế
173832,"Nghị quyết số 27/2024/NQ-HĐND Quy định giá dịch vụ khám bệnh, chữa bệnh thuộc danh mục do quỹ bảo hiểm y tế thanh toán; giá dịch vụ khám bệnh, chữa bệnh do ngân sách nhà nước thanh toán; giá dịch vụ khám bệnh, chữa bệnh không thuộc danh mục do quỹ bảo hiểm y tế thanh toán mà không phải là dịch vụ khám bệnh, chữa bệnh theo yêu cầu đối với các cơ sở khám bệnh, chữa bệnh của Nhà nước trên địa bàn tỉnh Bến Tre",27/2024/NQ-HĐND,06/12/2024,Nghị quyết,16/12/2024,,,,Y tế,Khám chữa bệnh,HĐND tỉnh Bến Tre,Chủ tịch,Hồ Thị Hoàng Yến,Địa phương,,Còn hiệu lực,"bhyt,vien_phi",2026-08-04,Còn hiệu lực và không là target của quan hệ Bãi bỏ/Thay thế
4934,"Quyết định số 2485/QĐ.UB-VX Về việc dừng thu viện phí đối với trẻ em dưới 6 tuổi của tỉnh, khi các cháu khám chữa bệnh vượt tuyến trái phép",2485/QĐ.UB-VX,31/08/2000,Quyết định,16/09/2000,,STP tỉnh Nghệ An;,,Y tế,Khám chữa bệnh,UBND Tỉnh Nghệ An,Phó Chủ tịch,Hoàng Ky,Địa phương,,Còn hiệu lực,vien_phi,2026-08-04,Còn hiệu lực và không là target của quan hệ Bãi bỏ/Thay thế
175644,"Nghị quyết số 01/2025/NQ-HĐND bãi bỏ Nghị quyết số 01/2024/NQ-HĐND ngày 31 tháng 01 năm 2024 của HĐND tỉnh Ninh Bình quy định mức giá dịch vụ khám bệnh, chữa bệnh không thuộc phạm vi thanh toán của quỹ Bảo hiểm y tế trong các cơ sở khám bệnh, chữa bệnh của Nhà nước trên địa bàn tỉnh Ninh Bình",01/2025/NQ-HĐND,21/01/2025,Nghị quyết,21/01/2025,,,,,Chưa phân loại,HĐND Tỉnh Ninh Bình,Chủ tịch,Mai Văn Tuất,Địa phương,,Còn hiệu lực,"bhyt,vien_phi",2026-08-04,Còn hiệu lực và không là target của quan hệ Bãi bỏ/Thay thế
144093,"Quyết định số 36/2020/QĐ-UBND Về việc bãi bỏ Quyết định số 24/2017/QĐ-UBND ngày 21/8/2017 của Ủy ban nhân dân tỉnh về việc Quy định mức giá dịch vụ khám bệnh, chữa bệnh không thuộc phạm vi thanh toán của Quỹ bảo hiểm y tế trong các cơ sở khám bệnh, chữa bệnh của Nhà nước trên địa bàn tỉnh Lạng Sơn",36/2020/QĐ-UBND,23/09/2020,Quyết định,10/10/2020,,Bản chính văn bản,,Y tế,"Quản lý Khám, chữa bệnh",UBND Tỉnh Lạng Sơn,Chủ tịch,Hồ Tiến Thiệu,Địa phương,,Còn hiệu lực,"bhyt,vien_phi",2026-08-04,Còn hiệu lực và không là target của quan hệ Bãi bỏ/Thay thế
167742,"Nghị quyết số số 11/2024/NQ-HĐND Quy định mức giá dịch vụ khám bệnh, chữa bệnh không thuộc phạm vi thanh toán của Quỹ bảo hiểm y tế nhưng không phải là dịch vụ khám bệnh, chữa bệnh theo yêu cầu trong các cơ sở khám bệnh, chữa bệnh của Nhà nước thuộc tỉnh Quảng Nam",số 11/2024/NQ-HĐND,23/04/2024,Nghị quyết,03/05/2024,,,,,Chưa phân loại,HĐND tỉnh Quảng Nam,Phó Chủ tịch,Trần Xuân Vinh,Địa phương,,Còn hiệu lực,"bhyt,vien_phi",2026-08-04,Còn hiệu lực và không là target của quan hệ Bãi bỏ/Thay thế
174525,"Nghị quyết số 47/2024/NQ-HĐND Bãi bỏ Nghị quyết số 26/2024/NQ-HĐND ngày 23 tháng 7 năm 2024 của Hội đồng nhân dân tỉnh Quy định mức giá dịch vụ khám bệnh, chữa bệnh không thuộc phạm vi thanh toán của Quỹ bảo hiểm y tế mà không phải là dịch vụ khám bệnh, chữa bệnh theo yêu cầu trong các cơ sở khám bệnh, chữa bệnh của Nhà nước thuộc tỉnh Quảng Ngãi quản lý",47/2024/NQ-HĐND,27/12/2024,Nghị quyết,01/01/2025,,văn bản gốc,,,Chưa phân loại,HĐND Tỉnh Quảng Ngãi,Chủ tịch,Bùi Thị Quỳnh Vân,Địa phương,,Còn hiệu lực,"bhyt,vien_phi",2026-08-04,Còn hiệu lực và không là target của quan hệ Bãi bỏ/Thay thế
155057,"Quyết định số 10/2022/QĐ-UBND Về sửa đổi, bổ sung Quyết định 56/2019/QĐ-UBND ngày 31 tháng 12 năm 2019 của Ủy ban nhân dân tỉnh Hà Nam về quy định mức giá dịch vụ khám bệnh, chữa bệnh không thuộc phạm vi thanh toán của Quỹ bảo hiểm y tế trong các cơ sở khám bệnh, chữa bệnh của Nhà nước thuộc địa phương quản lý trên địa bàn tỉnh Hà Nam",10/2022/QĐ-UBND,25/05/2022,Quyết định,10/06/2022,,,,Lao động - Thương binh và Xã hội,Chưa phân loại,UBND tỉnh Hà Nam,Phó Chủ tịch,Trần Xuân Dưỡng,Địa phương,,Còn hiệu lực,"bhyt,vien_phi",2026-08-04,Còn hiệu lực và không là target của quan hệ Bãi bỏ/Thay thế
173517,"Nghị quyết số 83/2024/NQ-HĐND Bãi bỏ Nghị quyết số 25/2024/NQ-HĐND ngày 17 tháng 7 năm 2024 của Hội đồng nhân dân tỉnh Lai Châu Quy định giá dịch vụ khám bệnh, chữa bệnh không thuộc phạm vi thanh toán của Quỹ bảo hiểm y tế trong các cơ sở khám bệnh, chữa bệnh của nhà nước thuộc tỉnh Lai Châu quản lý",83/2024/NQ-HĐND,09/12/2024,Nghị quyết,01/01/2025,,,,,Chưa phân loại,HĐND Tỉnh Lai Châu,Chủ tịch,Giàng Páo Mỷ,Địa phương,,Còn hiệu lực,"bhyt,vien_phi",2026-08-04,Còn hiệu lực và không là target của quan hệ Bãi bỏ/Thay thế
174274,"Nghị quyết số 41/2024/NQ-HĐND Bãi bỏ Nghị quyết số 26/2024/NQ-HĐND ngày 31 tháng 5 năm 2024 của Hội đồng nhân dân tỉnh quy định giá dịch vụ khám bệnh, chữa bệnh không thuộc danh mục do Quỹ bảo hiểm y tế thanh toán mà không phải là dịch vụ khám bệnh, chữa bệnh theo yêu cầu đối với các cơ sở khám bệnh, chữa bệnh của Nhà nước thuộc tỉnh Thanh Hóa quản lý",41/2024/NQ-HĐND,14/12/2024,Nghị quyết,01/01/2025,,,,,Chưa phân loại,HĐND Tỉnh Thanh Hóa,Chủ tịch,Lại Thế Nguyên,Địa phương,,Còn hiệu lực,"bhyt,vien_phi",2026-08-04,Còn hiệu lực và không là target của quan hệ Bãi bỏ/Thay thế
168588,"Nghị quyết số 26/2024/NQ-HĐND Quy định giá dịch vụ khám bệnh, chữa bệnh không thuộc danh mục do Quỹ bảo hiểm y tế thanh toán mà không phải là dịch vụ khám bệnh, chữa bệnh theo yêu cầu đối với các cơ sở khám bệnh, chữa bệnh của Nhà nước thuộc tỉnh Thanh Hóa quản lý",26/2024/NQ-HĐND,31/05/2024,Nghị quyết,10/06/2024,,,,Y tế,Bảo hiểm y tế,CT UBND Tỉnh Thanh Hóa,Chủ tịch,Đỗ Trọng Hưng,Địa phương,,Còn hiệu lực,"bhyt,vien_phi",2026-08-04,Còn hiệu lực và không là target của quan hệ Bãi bỏ/Thay thế
174415,"Nghị quyết số 01/2025/NQ-HĐND Bãi bỏ Nghị quyết số 12/2024/NQ-HĐND ngày 17 tháng 6 năm 2024 của Hội đồng nhân dân tỉnh quy định giá dịch vụ khám bệnh, chữa bệnh không thuộc phạm vi thanh toán của Quỹ Bảo hiểm y tế nhưng không phải là đối tượng khám bệnh, chữa bệnh theo yêu cầu tại các cơ sở khám bệnh, chữa bệnh công lập thuộc tỉnh Thừa Thiên Huế",01/2025/NQ-HĐND,07/01/2025,Nghị quyết,17/01/2025,,Công báo số 03 + 04 năm 2025,22/01/2025,Y tế,Chưa phân loại,HĐND Thành phố Huế,Chủ tịch,Lê Trường Lưu,Địa phương,,Còn hiệu lực,"bhyt,vien_phi",2026-08-04,Còn hiệu lực và không là target của quan hệ Bãi bỏ/Thay thế
106897,"Chỉ thị số 11/CT.UBND V/v triển khai Thông tư liên tịch số 37/2015/TTLT-BYT-BTC ngày 29/10/2015 của Liên Bộ Y tế - Bộ Tài chính quy định thống nhất giá dịch vụ khám bệnh, chữa bệnh bảo hiểm y tế giữa các bệnh viện cùng hạng trên toàn quốc",11/CT.UBND,24/02/2016,Chỉ thị,24/02/2016,,Văn bản gốc,,Lao động - Thương binh và Xã hội,Chưa phân loại,UBND Tỉnh Thanh Hóa,Phó Chủ tịch,Phạm Đăng Quyền,Địa phương,,Còn hiệu lực,"bhyt,vien_phi",2026-08-04,Còn hiệu lực và không là target của quan hệ Bãi bỏ/Thay thế
143848,"Quyết định số 28/2020/QĐ-UBND Quy định giá dịch vụ khám bệnh, chữa bệnh không thuộc phạm vi thanh toán của Quỹ bảo hiểm y tế trong các cơ sở khám bệnh, chữa bệnh của Nhà nước trên địa bàn tỉnh Ninh Thuận.",28/2020/QĐ-UBND,03/08/2020,Quyết định,13/08/2020,,,,,,UBND tỉnh Ninh Thuận,Phó Chủ tịch,Lê Văn Bình,Địa phương,,Còn hiệu lực,"bhyt,vien_phi",2026-08-04,Còn hiệu lực và không là target của quan hệ Bãi bỏ/Thay thế
173935,"Nghị quyết số 29/2024/NQ-HĐND Bãi bỏ Nghị quyết số 15/2024/NQ-HĐND ngày 11 tháng 7 năm 2024 của Hội đồng nhân dân tỉnh Ninh Thuận quy định giá dịch vụ khám bệnh, chữa bệnh không thuộc phạm vi thanh toán của Quỹ bảo hiểm y tế trong các cơ sở khám bệnh, chữa bệnh của Nhà nước trên địa bàn tỉnh Ninh Thuận",29/2024/NQ-HĐND,10/12/2024,Nghị quyết,01/01/2025,,,,Y tế,Chưa phân loại,HĐND tỉnh Ninh Thuận,Chủ tịch,Phạm Văn Hậu,Địa phương,,Còn hiệu lực,"bhyt,vien_phi",2026-08-04,Còn hiệu lực và không là target của quan hệ Bãi bỏ/Thay thế
45773,"Quyết định số 1169/QĐ-UBND Về giá thu một phần viện phí, lệ phí tại các cơ sở y tế",1169/QĐ-UBND,29/04/2002,Quyết định,29/04/2002,,,,"Y tế, Tài chính","Quản lý thuế, phí, lệ phí và thu khác của ngân sách nhà nước, Khám chữa bệnh",UBND tỉnh Thừa Thiên Huế,Phó Chủ tịch,Đang cập nhật,Địa phương,,Còn hiệu lực,vien_phi,2026-08-04,Còn hiệu lực và không là target của quan hệ Bãi bỏ/Thay thế
